[
    {
        "title": "Overview & Goals",
        "image": "assets/1.png",
        "description": "This dashboard provides a professional overview of Global Trendz sales data. The layout was designed with a clean, user-friendly interface suitable for stakeholders."
    },
    {
        "title": "Insights & Detailing",
        "image": "assets/2.png",
        "description": "We focused on explaining business insights with great attention to detail, using well-crafted charts and visualizations to enhance comprehension."
    },
    {
        "title": "Filters & Export Tools",
        "image": "assets/3.png",
        "description": "The dashboard includes interactive filters to help users explore specific data and export options like clean Excel files and a downloadable PDF summary."
    }
]